,Rank,Name,Platform,Year,Genre,Publisher,NA_Sales,EU_Sales,JP_Sales,Other_Sales,Global_Sales
0,1,Wii Sports,Wii,2006.0,Sports,Nintendo,41.49,29.02,3.77,8.46,82.74
2,2,Mario Kart Wii,Wii,2008.0,Racing,Nintendo,15.85,12.88,3.79,3.31,35.82
3,3,Wii Sports Resort,Wii,2009.0,Sports,Nintendo,15.75,11.01,3.28,2.96,33.0
7,4,Wii Play,Wii,2006.0,Misc,Nintendo,14.03,9.2,2.93,2.85,29.02
8,5,New Super Mario Bros. Wii,Wii,2009.0,Platform,Nintendo,14.59,7.06,4.7,2.26,28.62
13,6,Wii Fit,Wii,2007.0,Sports,Nintendo,8.94,8.03,3.6,2.15,22.72
14,7,Wii Fit Plus,Wii,2009.0,Sports,Nintendo,9.09,8.59,2.53,1.79,22.0
39,8,Super Smash Bros. Brawl,Wii,2008.0,Fighting,Nintendo,6.75,2.61,2.66,1.02,13.04
48,9,Super Mario Galaxy,Wii,2007.0,Platform,Nintendo,6.16,3.4,1.2,0.76,11.52
60,10,Just Dance 3,Wii,2011.0,Misc,Ubisoft,6.05,3.15,0.0,1.07,10.26
68,11,Just Dance 2,Wii,2010.0,Misc,Ubisoft,5.84,2.89,0.01,0.78,9.52
78,12,Wii Party,Wii,2010.0,Misc,Nintendo,1.79,3.53,2.49,0.68,8.49
80,13,Mario Party 8,Wii,2007.0,Misc,Nintendo,3.81,2.3,1.58,0.73,8.42
85,14,Mario & Sonic at the Olympic Games,Wii,2007.0,Sports,Sega,2.58,3.9,0.66,0.91,8.06
91,15,Super Mario Galaxy 2,Wii,2010.0,Platform,Nintendo,3.66,2.42,0.98,0.64,7.69
100,16,The Legend of Zelda: Twilight Princess,Wii,2006.0,Action,Nintendo,3.83,2.19,0.6,0.7,7.31
102,17,Just Dance,Wii,2009.0,Misc,Ubisoft,3.51,3.03,0.0,0.73,7.27
111,18,Just Dance 4,Wii,2012.0,Misc,Ubisoft,4.14,2.21,0.0,0.56,6.91
117,19,Zumba Fitness,Wii,2010.0,Sports,505 Games,3.5,2.64,0.0,0.67,6.81
125,20,Donkey Kong Country Returns,Wii,2010.0,Platform,Nintendo,3.25,1.84,1.03,0.47,6.59
150,21,LEGO Star Wars: The Complete Saga,Wii,2007.0,Action,LucasArts,3.66,1.63,0.0,0.53,5.83
206,22,Link's Crossbow Training,Wii,2007.0,Shooter,Nintendo,3.06,1.18,0.29,0.46,5.0
226,23,Animal Crossing: City Folk,Wii,2008.0,Simulation,Nintendo,1.87,1.12,1.32,0.37,4.68
230,24,Guitar Hero III: Legends of Rock,Wii,2007.0,Misc,Activision,3.06,1.12,0.0,0.44,4.62
233,25,Mario & Sonic at the Olympic Winter Games,Wii,2009.0,Sports,Sega,1.89,1.99,0.22,0.48,4.58
247,26,Michael Jackson: The Experience,Wii,2010.0,Misc,Ubisoft,2.67,1.35,0.01,0.39,4.42
284,27,The Legend of Zelda: Skyward Sword,Wii,2011.0,Action,Nintendo,2.14,1.2,0.37,0.4,4.1
286,28,Carnival Games,Wii,2007.0,Misc,Take-Two Interactive,2.13,1.5,0.05,0.42,4.1
303,29,EA Sports Active,Wii,2009.0,Sports,Electronic Arts,2.1,1.36,0.06,0.4,3.92
320,30,Big Brain Academy: Wii Degree,Wii,2007.0,Misc,Nintendo,1.06,1.93,0.41,0.43,3.82
323,31,Mario & Sonic at the London 2012 Olympic Games,Wii,2011.0,Sports,Sega,1.14,1.91,0.27,0.46,3.78
327,32,Just Dance 2014,Wii,2013.0,Misc,Ubisoft,1.98,1.47,0.0,0.32,3.76
329,33,Super Paper Mario,Wii,2007.0,Platform,Nintendo,1.98,0.88,0.59,0.32,3.76
343,34,Guitar Hero: World Tour,Wii,2008.0,Misc,Activision,2.33,0.97,0.0,0.35,3.65
405,35,Mario Party 9,Wii,2012.0,Misc,Nintendo,1.15,1.17,0.76,0.24,3.32
412,36,Wii Music,Wii,2008.0,Misc,Nintendo,1.36,1.13,0.46,0.32,3.27
431,37,LEGO Batman: The Videogame,Wii,,Action,Warner Bros. Interactive Entertainment,1.86,1.02,0.0,0.29,3.17
460,38,Epic Mickey,Wii,2010.0,Platform,Disney Interactive Studios,2.06,0.64,0.12,0.22,3.04
490,39,WarioWare: Smooth Moves,Wii,2006.0,Puzzle,Nintendo,0.87,1.06,0.73,0.26,2.92
491,40,Cooking Mama: Cook Off,Wii,2007.0,Simulation,505 Games,1.43,1.13,0.05,0.3,2.91
501,41,Zumba Fitness 2,Wii,2011.0,Sports,Majesco Entertainment,1.54,1.07,0.0,0.28,2.88
512,42,Skylanders: Spyro's Adventure,Wii,2011.0,Action,Activision,1.4,1.14,0.0,0.31,2.85
542,43,Sonic and the Secret Rings,Wii,2007.0,Platform,Sega,1.24,1.2,0.04,0.3,2.77
571,44,Skylanders Giants,Wii,2012.0,Action,Activision,1.56,0.88,0.0,0.22,2.65
581,45,Mario Strikers Charged,Wii,2007.0,Sports,Nintendo,1.07,1.06,0.24,0.25,2.62
587,46,Super Mario All-Stars: Limited Edition,Wii,2010.0,Platform,Nintendo,1.02,0.52,0.92,0.14,2.6
605,47,Deca Sports,Wii,2008.0,Sports,Konami Digital Entertainment,1.13,0.87,0.29,0.25,2.54
610,48,Game Party,Wii,2007.0,Misc,Midway Games,1.5,0.78,0.0,0.24,2.52
618,49,LEGO Harry Potter: Years 1-4,Wii,2010.0,Action,Warner Bros. Interactive Entertainment,1.29,0.97,0.0,0.23,2.49
627,50,uDraw Studio,Wii,2010.0,Misc,THQ,1.67,0.58,0.0,0.2,2.46
652,51,LEGO Indiana Jones: The Original Adventures,Wii,,Action,LucasArts,1.54,0.63,0.0,0.22,2.39
675,52,Skylanders SWAP Force,Wii,2013.0,Platform,Activision,1.32,0.83,0.0,0.2,2.34
677,53,My Fitness Coach,Wii,2008.0,Sports,Ubisoft,1.2,0.9,0.0,0.24,2.34
682,54,Just Dance Kids,Wii,2010.0,Misc,Ubisoft,1.57,0.56,0.0,0.19,2.32
698,55,Just Dance 2015,Wii,2014.0,Misc,Ubisoft,1.11,0.98,0.0,0.2,2.28
707,56,Super Monkey Ball: Banana Blitz,Wii,2006.0,Misc,Sega,1.07,0.92,0.04,0.24,2.27
711,57,Call of Duty 3,Wii,,Shooter,Activision,1.19,0.84,0.0,0.23,2.26
712,58,Resident Evil 4,Wii,2007.0,Action,Capcom,1.34,0.57,0.14,0.21,2.26
718,59,Monster Hunter Tri,Wii,2009.0,Role-Playing,Nintendo,0.67,0.41,1.05,0.11,2.25
738,60,Sonic Unleashed,Wii,2008.0,Platform,Sega,1.28,0.68,0.02,0.21,2.2
756,61,Your Shape featuring Jenny McCarthy,Wii,2009.0,Sports,Ubisoft,1.51,0.47,0.0,0.18,2.16
773,62,Kirby's Epic Yarn,Wii,2010.0,Platform,Nintendo,1.47,0.09,0.45,0.11,2.12
781,63,Mario Sports Mix,Wii,2010.0,Sports,Nintendo,0.9,0.45,0.63,0.13,2.11
782,64,Rock Band,Wii,,Misc,MTV Games,1.35,0.56,0.0,0.2,2.11
795,65,Wipeout: The Game,Wii,2009.0,Misc,Mindscape,1.97,0.0,0.0,0.12,2.09
802,66,Dance Dance Revolution: Hottest Party,Wii,2007.0,Simulation,Konami Digital Entertainment,1.36,0.52,0.0,0.2,2.08
831,67,Rayman Raving Rabbids: TV Party,Wii,2008.0,Misc,Ubisoft,0.73,1.09,0.0,0.23,2.04
861,68,Call of Duty: World at War,Wii,2008.0,Shooter,Activision,1.2,0.59,0.0,0.19,1.97
892,69,Mario Super Sluggers,Wii,2008.0,Sports,Nintendo,1.51,0.0,0.29,0.12,1.93
896,70,Monopoly,Wii,2008.0,Misc,Electronic Arts,0.87,0.85,0.0,0.2,1.92
901,71,Toy Story Mania!,Wii,2009.0,Misc,Disney Interactive Studios,1.06,0.67,0.0,0.18,1.92
903,72,Star Wars: The Force Unleashed,Wii,2008.0,Action,LucasArts,1.14,0.57,0.0,0.19,1.91
904,73,Game Party 2,Wii,2008.0,Misc,Midway Games,1.3,0.44,0.0,0.17,1.91
906,74,LEGO Star Wars III: The Clone Wars,Wii,2011.0,Action,LucasArts,1.08,0.66,0.0,0.17,1.91
933,75,GoldenEye 007 (2010),Wii,2010.0,Action,Activision,0.85,0.71,0.13,0.16,1.86
936,76,Rayman Raving Rabbids 2,Wii,2007.0,Misc,Ubisoft,0.83,0.82,0.0,0.2,1.85
955,77,Metroid Prime 3: Corruption,Wii,2007.0,Shooter,Nintendo,0.91,0.74,0.07,0.09,1.82
980,78,High School Musical: Sing It!,Wii,2007.0,Misc,Disney Interactive Studios,1.16,0.45,0.0,0.16,1.77
1017,79,The Beatles: Rock Band,Wii,2009.0,Misc,MTV Games,1.19,0.4,0.0,0.16,1.74
1019,80,Sonic Colors,Wii,2010.0,Platform,Sega,0.96,0.61,0.01,0.16,1.74
1029,81,Disney Infinity,Wii,2013.0,Action,Disney Interactive Studios,1.15,0.44,0.0,0.14,1.73
1041,82,Game Party 3,Wii,2009.0,Puzzle,Warner Bros. Interactive Entertainment,1.43,0.16,0.0,0.12,1.71
1048,83,Cabela's Big Game Hunter 2010,Wii,2009.0,Sports,Activision Value,1.58,0.0,0.0,0.12,1.7
1051,84,We Ski,Wii,2008.0,Sports,Namco Bandai Games,0.99,0.42,0.14,0.15,1.7
1053,85,Kirby's Return to Dreamland,Wii,2011.0,Platform,Nintendo,0.62,0.21,0.79,0.08,1.7
1079,86,Star Wars The Clone Wars: Lightsaber Duels,Wii,2008.0,Action,LucasArts,1.23,0.3,0.0,0.14,1.68
1080,87,MySims,Wii,2007.0,Simulation,Electronic Arts,0.91,0.55,0.04,0.17,1.68
1082,88,Shaun White Snowboarding: Road Trip,Wii,2008.0,Sports,Ubisoft,0.94,0.57,0.0,0.17,1.67
1084,89,Big Beach Sports,Wii,2008.0,Sports,THQ,0.45,1.02,0.0,0.2,1.67
1109,90,Go Vacation,Wii,2011.0,Misc,Namco Bandai Games,0.48,0.68,0.33,0.16,1.65
1114,91,LEGO Pirates of the Caribbean: The Video Game,Wii,2011.0,Action,Disney Interactive Studios,0.76,0.72,0.0,0.16,1.64
1139,92,Pokemon Battle Revolution,Wii,2006.0,Role-Playing,Nintendo,0.8,0.38,0.3,0.13,1.61
1148,93,Dance Dance Revolution: Hottest Party 2,Wii,2008.0,Simulation,Konami Digital Entertainment,0.95,0.48,0.01,0.15,1.6
1169,94,Carnival Games: Mini Golf,Wii,2008.0,Sports,Take-Two Interactive,0.87,0.56,0.0,0.15,1.58
1174,95,Guitar Hero 5,Wii,2009.0,Misc,Activision,0.94,0.49,0.0,0.15,1.58
1198,96,Active Life: Outdoor Challenge,Wii,2008.0,Sports,Atari,0.79,0.44,0.19,0.14,1.55
1209,97,Resident Evil: The Umbrella Chronicles,Wii,2007.0,Action,Capcom,0.68,0.43,0.29,0.14,1.54
1219,98,MySims Kingdom,Wii,2008.0,Simulation,Electronic Arts,0.71,0.65,0.01,0.17,1.53
1223,99,Call of Duty: Modern Warfare: Reflex Edition,Wii,2009.0,Shooter,Activision,0.95,0.43,0.0,0.14,1.53
1242,100,Sonic & Sega All-Stars Racing,Wii,2010.0,Racing,Sega,0.65,0.71,0.0,0.15,1.51
1266,101,Disney Sing It: Pop Hits,Wii,2009.0,Misc,Disney Interactive Studios,1.08,0.28,0.0,0.13,1.49
1274,102,The Sims 3,Wii,2010.0,Simulation,Electronic Arts,0.61,0.73,0.0,0.15,1.49
1275,103,New Play Control! Mario Power Tennis,Wii,2009.0,Sports,Nintendo,0.37,0.69,0.28,0.14,1.48
1294,104,The House of the Dead 2 & 3 Return,Wii,2008.0,Shooter,Sega,0.78,0.5,0.03,0.15,1.47
1310,105,LEGO Batman 2: DC Super Heroes,Wii,2012.0,Action,Warner Bros. Interactive Entertainment,0.94,0.4,0.0,0.11,1.46
1322,106,Smarty Pants,Wii,2007.0,Misc,Electronic Arts,0.53,0.76,0.0,0.16,1.45
1328,107,Hasbro Family Game Night,Wii,2008.0,Puzzle,Electronic Arts,0.97,0.34,0.0,0.13,1.45
1340,108,Rayman Raving Rabbids,Wii,2006.0,Misc,Ubisoft,1.23,0.07,0.02,0.11,1.44
1347,109,LEGO Indiana Jones 2: The Adventure Continues,Wii,2009.0,Action,Activision,0.91,0.39,0.0,0.13,1.43
1349,110,Tiger Woods PGA Tour 09 All-Play,Wii,2008.0,Sports,Electronic Arts,0.81,0.48,0.0,0.14,1.43
1367,111,Toy Story 3: The Video Game,Wii,2010.0,Action,Disney Interactive Studios,0.64,0.63,0.0,0.14,1.41
1374,112,Metroid: Other M,Wii,2010.0,Action,Nintendo,0.87,0.31,0.13,0.1,1.41
1379,113,Call of Duty: Black Ops,Wii,2010.0,Shooter,Activision,0.82,0.47,0.0,0.12,1.4
1396,114,Hannah Montana: Spotlight World Tour,Wii,2007.0,Action,Disney Interactive Studios,0.87,0.38,0.0,0.13,1.39
1407,115,Hasbro Family Game Night 2,Wii,2009.0,Misc,Electronic Arts,0.71,0.53,0.0,0.13,1.38
1408,116,Disney Princess: Enchanted Journey,Wii,2007.0,Adventure,Disney Interactive Studios,1.24,0.04,0.0,0.09,1.38
1433,117,LEGO Harry Potter: Years 5-7,Wii,,Action,Warner Bros. Interactive Entertainment,0.76,0.47,0.0,0.13,1.36
1504,118,Deal or No Deal,Wii,2009.0,Misc,Zoo Games,1.22,0.0,0.0,0.09,1.31
1510,119,High School Musical 3: Senior Year DANCE!,Wii,2008.0,Misc,Disney Interactive Studios,0.68,0.49,0.0,0.13,1.31
1511,120,Gold's Gym: Cardio Workout,Wii,2008.0,Sports,Ubisoft,1.11,0.04,0.06,0.09,1.31
1519,121,EA Playground,Wii,2007.0,Sports,Electronic Arts,0.69,0.48,0.0,0.13,1.3
1522,122,EA Sports Active 2,Wii,2010.0,Sports,Electronic Arts,0.78,0.4,0.0,0.11,1.3
1525,123,Need for Speed Carbon,Wii,2006.0,Racing,Electronic Arts,0.46,0.66,0.02,0.15,1.29
1534,124,Guitar Hero: Aerosmith,Wii,2008.0,Misc,Activision,1.04,0.14,0.0,0.1,1.29
1562,125,Jillian Michaels' Fitness Ultimatum 2009,Wii,2008.0,Sports,Deep Silver,0.96,0.2,0.0,0.11,1.27
1564,126,Rockstar Games presents Table Tennis,Wii,2007.0,Sports,Take-Two Interactive,0.39,0.73,0.0,0.15,1.27
1581,127,Winter Sports: The Ultimate Challenge,Wii,2007.0,Sports,RTL,0.45,0.68,0.0,0.12,1.26
1610,128,Ben 10: Protector of Earth,Wii,2007.0,Action,D3Publisher,0.55,0.55,0.0,0.13,1.23
1629,129,Boom Blox,Wii,2008.0,Puzzle,Electronic Arts,0.72,0.38,0.0,0.12,1.23
1631,130,The Sims 2: Castaway,Wii,2007.0,Simulation,Electronic Arts,0.45,0.64,0.0,0.14,1.23
1670,131,Just Dance 2016,Wii,2015.0,Misc,Ubisoft,0.52,0.59,0.0,0.1,1.2
1671,132,Disney Sing It,Wii,2008.0,Misc,Disney Interactive Studios,0.77,0.31,0.0,0.12,1.2
1682,133,Pok√©Park Wii: Pikachu's Adventure,Wii,2009.0,Adventure,Nintendo,0.55,0.17,0.42,0.06,1.2
1690,134,Pro Evolution Soccer 2008,Wii,2008.0,Sports,Konami Digital Entertainment,0.09,0.84,0.11,0.15,1.19
1723,135,Wario Land: Shake It!,Wii,2008.0,Platform,Nintendo,0.6,0.31,0.15,0.11,1.17
1740,136,EA Sports Active: More Workouts,Wii,2009.0,Sports,Electronic Arts,0.78,0.28,0.0,0.1,1.16
1768,137,Sonic and the Black Knight,Wii,2009.0,Platform,Sega,0.69,0.35,0.01,0.11,1.15
1789,138,Rabbids Go Home,Wii,2009.0,Platform,Ubisoft,0.26,0.75,0.0,0.14,1.14
1842,139,Need for Speed: ProStreet,Wii,2007.0,Racing,Electronic Arts,0.54,0.46,0.0,0.12,1.11
1862,140,NERF N-Strike,Wii,2008.0,Shooter,Electronic Arts,0.92,0.09,0.0,0.09,1.1
1884,141,Tiger Woods PGA Tour 10,Wii,2009.0,Sports,Electronic Arts,0.61,0.37,0.0,0.11,1.09
1890,142,Endless Ocean,Wii,2007.0,Adventure,Nintendo,0.44,0.47,0.09,0.09,1.09
1897,143,The Biggest Loser,Wii,2009.0,Sports,THQ,0.87,0.12,0.0,0.09,1.08
1900,144,Resident Evil: The Darkside Chronicles,Wii,2009.0,Action,Capcom,0.48,0.32,0.2,0.09,1.08
1903,145,FIFA Soccer 11,Wii,2010.0,Sports,Electronic Arts,0.26,0.69,0.0,0.12,1.08
1933,146,Disney Universe,Wii,2011.0,Action,Disney Interactive Studios,0.67,0.3,0.0,0.1,1.07
1946,147,Sega Superstars Tennis,Wii,2008.0,Sports,Sega,0.28,0.65,0.0,0.13,1.06
1967,148,Skylanders: Trap Team,Wii,2014.0,Action,Activision,0.42,0.54,0.0,0.08,1.05
1970,149,Dance on Broadway,Wii,2010.0,Misc,Ubisoft,0.27,0.66,0.0,0.12,1.05
1984,150,MySims Agents,Wii,2009.0,Adventure,Electronic Arts,0.62,0.32,0.0,0.1,1.05
1988,151,Guinness World Records: The Videogame,Wii,2008.0,Action,Warner Bros. Interactive Entertainment,0.46,0.47,0.0,0.11,1.04
1991,152,Dragon Ball Z: Budokai Tenkaichi 3,Wii,2007.0,Fighting,Atari,0.33,0.37,0.26,0.09,1.04
2015,153,Tiger Woods PGA Tour 08,Wii,2007.0,Sports,Electronic Arts,0.94,0.02,0.0,0.08,1.03
2017,154,Epic Mickey 2: The Power of Two,Wii,2012.0,Action,Disney Interactive Studios,0.72,0.23,0.0,0.08,1.03
2021,155,The Simpsons Game,Wii,2007.0,Action,Electronic Arts,0.45,0.47,0.0,0.11,1.03
2023,156,Rock Band 2,Wii,2008.0,Misc,MTV Games,0.94,0.01,0.0,0.08,1.03
2026,157,FIFA Soccer 08,Wii,2007.0,Sports,Electronic Arts,0.32,0.59,0.01,0.11,1.02
2027,158,Naruto: Clash of Ninja Revolution,Wii,2007.0,Fighting,Tomy Corporation,0.45,0.46,0.0,0.11,1.02
2034,159,Wall-E,Wii,2008.0,Platform,THQ,0.51,0.4,0.0,0.11,1.02
2048,160,Guitar Hero: Warriors of Rock,Wii,2010.0,Misc,Activision,0.48,0.44,0.0,0.09,1.01
2054,161,NERF N-Strike Elite,Wii,2009.0,Shooter,Electronic Arts,0.93,0.0,0.0,0.07,1.0
2076,162,Wheel of Fortune,Wii,2010.0,Misc,THQ,0.89,0.04,0.0,0.06,1.0
